filename,label_noise,macro_f1,model,noise_category
paperA_bilstm_hard_s0_cla0p0_env0p0_lab0p0.json,0.0,1.0,bilstm,0%
paperA_bilstm_hard_s0_cla0p0_env0p0_lab0p05.json,0.05,1.0,bilstm,5%
paperA_bilstm_hard_s0_cla0p0_env0p0_lab0p1.json,0.1,1.0,bilstm,10%
paperA_bilstm_hard_s0_cla0p0_env0p1_lab0p0.json,0.0,0.9996587732969855,bilstm,0%
paperA_bilstm_hard_s0_cla0p0_env0p1_lab0p05.json,0.05,0.9996740458936582,bilstm,5%
paperA_bilstm_hard_s0_cla0p0_env0p1_lab0p1.json,0.1,0.9996446791715372,bilstm,10%
paperA_bilstm_hard_s0_cla0p0_env0p2_lab0p0.json,0.0,0.9996665050259602,bilstm,0%
paperA_bilstm_hard_s0_cla0p0_env0p2_lab0p05.json,0.05,0.9996663438213629,bilstm,5%
paperA_bilstm_hard_s0_cla0p0_env0p2_lab0p1.json,0.1,0.9996733577294279,bilstm,10%
paperA_bilstm_hard_s0_cla0p4_env0p0_lab0p0.json,0.0,0.9247861658862754,bilstm,0%
paperA_bilstm_hard_s0_cla0p4_env0p0_lab0p05.json,0.05,0.9261556397013122,bilstm,5%
paperA_bilstm_hard_s0_cla0p4_env0p0_lab0p1.json,0.1,0.930097423528615,bilstm,10%
paperA_bilstm_hard_s0_cla0p4_env0p1_lab0p0.json,0.0,0.9259901553902122,bilstm,0%
paperA_bilstm_hard_s0_cla0p4_env0p1_lab0p05.json,0.05,0.9261789271804256,bilstm,5%
paperA_bilstm_hard_s0_cla0p4_env0p1_lab0p1.json,0.1,0.9200245662377042,bilstm,10%
paperA_bilstm_hard_s0_cla0p4_env0p2_lab0p0.json,0.0,0.9325177204395193,bilstm,0%
paperA_bilstm_hard_s0_cla0p4_env0p2_lab0p05.json,0.05,0.9341197566241157,bilstm,5%
paperA_bilstm_hard_s0_cla0p4_env0p2_lab0p1.json,0.1,0.937399111262303,bilstm,10%
paperA_bilstm_hard_s0_cla0p8_env0p0_lab0p0.json,0.0,0.7089834429711329,bilstm,0%
paperA_bilstm_hard_s0_cla0p8_env0p0_lab0p05.json,0.05,0.7252906436201827,bilstm,5%
paperA_bilstm_hard_s0_cla0p8_env0p0_lab0p1.json,0.1,0.707328163653518,bilstm,10%
paperA_bilstm_hard_s0_cla0p8_env0p1_lab0p0.json,0.0,0.9043106161468417,bilstm,0%
paperA_bilstm_hard_s0_cla0p8_env0p1_lab0p05.json,0.05,0.9053674050683274,bilstm,5%
paperA_bilstm_hard_s0_cla0p8_env0p1_lab0p1.json,0.1,0.7120889108099683,bilstm,10%
paperA_bilstm_hard_s0_cla0p8_env0p2_lab0p0.json,0.0,0.9561806681196368,bilstm,0%
paperA_bilstm_hard_s0_cla0p8_env0p2_lab0p05.json,0.05,0.9465973094583339,bilstm,5%
paperA_bilstm_hard_s0_cla0p8_env0p2_lab0p1.json,0.1,0.9635734494055326,bilstm,10%
paperA_bilstm_hard_s1_cla0p0_env0p0_lab0p0.json,0.0,1.0,bilstm,0%
paperA_bilstm_hard_s1_cla0p0_env0p0_lab0p05.json,0.05,1.0,bilstm,5%
paperA_bilstm_hard_s1_cla0p0_env0p0_lab0p1.json,0.1,1.0,bilstm,10%
paperA_bilstm_hard_s1_cla0p0_env0p1_lab0p0.json,0.0,1.0,bilstm,0%
paperA_bilstm_hard_s1_cla0p0_env0p1_lab0p05.json,0.05,1.0,bilstm,5%
paperA_bilstm_hard_s1_cla0p0_env0p1_lab0p1.json,0.1,1.0,bilstm,10%
paperA_bilstm_hard_s1_cla0p0_env0p2_lab0p0.json,0.0,1.0,bilstm,0%
paperA_bilstm_hard_s1_cla0p0_env0p2_lab0p05.json,0.05,1.0,bilstm,5%
paperA_bilstm_hard_s1_cla0p0_env0p2_lab0p1.json,0.1,1.0,bilstm,10%
paperA_bilstm_hard_s1_cla0p4_env0p0_lab0p0.json,0.0,0.9276487270283513,bilstm,0%
paperA_bilstm_hard_s1_cla0p4_env0p0_lab0p05.json,0.05,0.9290000806911469,bilstm,5%
paperA_bilstm_hard_s1_cla0p4_env0p0_lab0p1.json,0.1,0.9225263861948709,bilstm,10%
paperA_bilstm_hard_s1_cla0p4_env0p1_lab0p0.json,0.0,0.9280596118799174,bilstm,0%
paperA_bilstm_hard_s1_cla0p4_env0p1_lab0p05.json,0.05,0.9315801955499119,bilstm,5%
paperA_bilstm_hard_s1_cla0p4_env0p1_lab0p1.json,0.1,0.8969511824600807,bilstm,10%
paperA_bilstm_hard_s1_cla0p4_env0p2_lab0p0.json,0.0,0.935646849000883,bilstm,0%
paperA_bilstm_hard_s1_cla0p4_env0p2_lab0p05.json,0.05,0.9140800032763201,bilstm,5%
paperA_bilstm_hard_s1_cla0p4_env0p2_lab0p1.json,0.1,0.9317730128225997,bilstm,10%
paperA_bilstm_hard_s1_cla0p8_env0p0_lab0p0.json,0.0,0.6858659567986929,bilstm,0%
paperA_bilstm_hard_s1_cla0p8_env0p0_lab0p05.json,0.05,0.717225186011041,bilstm,5%
paperA_bilstm_hard_s1_cla0p8_env0p0_lab0p1.json,0.1,0.7069867032084629,bilstm,10%
paperA_bilstm_hard_s1_cla0p8_env0p1_lab0p0.json,0.0,0.9070521878302056,bilstm,0%
paperA_bilstm_hard_s1_cla0p8_env0p1_lab0p05.json,0.05,0.7046873895564465,bilstm,5%
paperA_bilstm_hard_s1_cla0p8_env0p1_lab0p1.json,0.1,0.9111921459452319,bilstm,10%
paperA_bilstm_hard_s1_cla0p8_env0p2_lab0p0.json,0.0,0.9466347107794435,bilstm,0%
paperA_bilstm_hard_s1_cla0p8_env0p2_lab0p05.json,0.05,0.9578739869551895,bilstm,5%
paperA_bilstm_hard_s1_cla0p8_env0p2_lab0p1.json,0.1,0.9401261766603126,bilstm,10%
paperA_bilstm_hard_s2_cla0p0_env0p0_lab0p0.json,0.0,1.0,bilstm,0%
paperA_bilstm_hard_s2_cla0p0_env0p0_lab0p05.json,0.05,1.0,bilstm,5%
paperA_bilstm_hard_s2_cla0p0_env0p0_lab0p1.json,0.1,1.0,bilstm,10%
paperA_bilstm_hard_s2_cla0p0_env0p1_lab0p0.json,0.0,0.9996692421445009,bilstm,0%
paperA_bilstm_hard_s2_cla0p0_env0p1_lab0p05.json,0.05,1.0,bilstm,5%
paperA_bilstm_hard_s2_cla0p0_env0p1_lab0p1.json,0.1,1.0,bilstm,10%
paperA_bilstm_hard_s2_cla0p0_env0p2_lab0p0.json,0.0,0.999654011273983,bilstm,0%
paperA_bilstm_hard_s2_cla0p0_env0p2_lab0p05.json,0.05,0.9996566521990251,bilstm,5%
paperA_bilstm_hard_s2_cla0p0_env0p2_lab0p1.json,0.1,0.9996695646427212,bilstm,10%
paperA_bilstm_hard_s2_cla0p4_env0p0_lab0p0.json,0.0,0.9347787800192018,bilstm,0%
paperA_bilstm_hard_s2_cla0p4_env0p0_lab0p05.json,0.05,0.928535261141886,bilstm,5%
paperA_bilstm_hard_s2_cla0p4_env0p0_lab0p1.json,0.1,0.9235649011912108,bilstm,10%
paperA_bilstm_hard_s2_cla0p4_env0p1_lab0p0.json,0.0,0.9281169842417797,bilstm,0%
paperA_bilstm_hard_s2_cla0p4_env0p1_lab0p05.json,0.05,0.9293374674159911,bilstm,5%
paperA_bilstm_hard_s2_cla0p4_env0p1_lab0p1.json,0.1,0.9270332531048484,bilstm,10%
paperA_bilstm_hard_s2_cla0p4_env0p2_lab0p0.json,0.0,0.9419923216267665,bilstm,0%
paperA_bilstm_hard_s2_cla0p4_env0p2_lab0p05.json,0.05,0.9725289391615757,bilstm,5%
paperA_bilstm_hard_s2_cla0p4_env0p2_lab0p1.json,0.1,0.9046836924909734,bilstm,10%
paperA_bilstm_hard_s2_cla0p8_env0p0_lab0p0.json,0.0,0.6985182701712257,bilstm,0%
paperA_bilstm_hard_s2_cla0p8_env0p0_lab0p05.json,0.05,0.6987780426029018,bilstm,5%
paperA_bilstm_hard_s2_cla0p8_env0p0_lab0p1.json,0.1,0.6975510070244252,bilstm,10%
paperA_bilstm_hard_s2_cla0p8_env0p1_lab0p0.json,0.0,0.7068032658764103,bilstm,0%
paperA_bilstm_hard_s2_cla0p8_env0p1_lab0p05.json,0.05,0.9122674081878235,bilstm,5%
paperA_bilstm_hard_s2_cla0p8_env0p1_lab0p1.json,0.1,0.9125502292239616,bilstm,10%
paperA_bilstm_hard_s2_cla0p8_env0p2_lab0p0.json,0.0,0.9392723429194243,bilstm,0%
paperA_bilstm_hard_s2_cla0p8_env0p2_lab0p05.json,0.05,0.961618212713174,bilstm,5%
paperA_bilstm_hard_s2_cla0p8_env0p2_lab0p1.json,0.1,0.9604733592196117,bilstm,10%
paperA_bilstm_hard_s3_cla0p0_env0p0_lab0p0.json,0.0,1.0,bilstm,0%
paperA_bilstm_hard_s3_cla0p0_env0p0_lab0p05.json,0.05,1.0,bilstm,5%
paperA_bilstm_hard_s3_cla0p0_env0p0_lab0p1.json,0.1,1.0,bilstm,10%
paperA_bilstm_hard_s3_cla0p0_env0p1_lab0p0.json,0.0,1.0,bilstm,0%
paperA_bilstm_hard_s3_cla0p0_env0p1_lab0p05.json,0.05,1.0,bilstm,5%
paperA_bilstm_hard_s3_cla0p0_env0p1_lab0p1.json,0.1,1.0,bilstm,10%
paperA_bilstm_hard_s3_cla0p0_env0p2_lab0p0.json,0.0,1.0,bilstm,0%
paperA_bilstm_hard_s3_cla0p0_env0p2_lab0p05.json,0.05,0.9996749561970802,bilstm,5%
paperA_bilstm_hard_s3_cla0p0_env0p2_lab0p1.json,0.1,0.9996693589669674,bilstm,10%
paperA_bilstm_hard_s3_cla0p4_env0p0_lab0p0.json,0.0,0.9299684912960042,bilstm,0%
paperA_bilstm_hard_s3_cla0p4_env0p0_lab0p05.json,0.05,0.9191119828652505,bilstm,5%
paperA_bilstm_hard_s3_cla0p4_env0p0_lab0p1.json,0.1,0.9339720428033647,bilstm,10%
paperA_bilstm_hard_s3_cla0p4_env0p1_lab0p0.json,0.0,0.9124165501426575,bilstm,0%
paperA_bilstm_hard_s3_cla0p4_env0p1_lab0p05.json,0.05,0.9254328164855947,bilstm,5%
paperA_bilstm_hard_s3_cla0p4_env0p1_lab0p1.json,0.1,0.930933135744368,bilstm,10%
paperA_bilstm_hard_s3_cla0p4_env0p2_lab0p0.json,0.0,0.9436305961909183,bilstm,0%
paperA_bilstm_hard_s3_cla0p4_env0p2_lab0p05.json,0.05,0.9283583273028758,bilstm,5%
paperA_bilstm_hard_s3_cla0p4_env0p2_lab0p1.json,0.1,0.9356065794946883,bilstm,10%
paperA_bilstm_hard_s3_cla0p8_env0p0_lab0p0.json,0.0,0.7029401846637029,bilstm,0%
paperA_bilstm_hard_s3_cla0p8_env0p0_lab0p05.json,0.05,0.7130026717396302,bilstm,5%
paperA_bilstm_hard_s3_cla0p8_env0p0_lab0p1.json,0.1,0.7228367289532258,bilstm,10%
paperA_bilstm_hard_s3_cla0p8_env0p1_lab0p0.json,0.0,0.8897655699395601,bilstm,0%
paperA_bilstm_hard_s3_cla0p8_env0p1_lab0p05.json,0.05,0.7023934938240581,bilstm,5%
paperA_bilstm_hard_s3_cla0p8_env0p1_lab0p1.json,0.1,0.9268810189299432,bilstm,10%
paperA_bilstm_hard_s3_cla0p8_env0p2_lab0p0.json,0.0,0.9549846051392137,bilstm,0%
paperA_bilstm_hard_s3_cla0p8_env0p2_lab0p05.json,0.05,0.9471651265150578,bilstm,5%
paperA_bilstm_hard_s3_cla0p8_env0p2_lab0p1.json,0.1,0.9546959993933848,bilstm,10%
paperA_bilstm_hard_s4_cla0p0_env0p0_lab0p0.json,0.0,0.9996519631978837,bilstm,0%
paperA_bilstm_hard_s4_cla0p0_env0p0_lab0p05.json,0.05,0.9996837257742728,bilstm,5%
paperA_bilstm_hard_s4_cla0p0_env0p0_lab0p1.json,0.1,0.9996774172065246,bilstm,10%
paperA_bilstm_hard_s4_cla0p0_env0p1_lab0p0.json,0.0,0.9996519631978837,bilstm,0%
paperA_bilstm_hard_s4_cla0p0_env0p1_lab0p05.json,0.05,0.9996700327098009,bilstm,5%
paperA_bilstm_hard_s4_cla0p0_env0p1_lab0p1.json,0.1,0.9993303919104741,bilstm,10%
paperA_bilstm_hard_s4_cla0p0_env0p2_lab0p0.json,0.0,0.9996519631978837,bilstm,0%
paperA_bilstm_hard_s4_cla0p0_env0p2_lab0p05.json,0.05,1.0,bilstm,5%
paperA_bilstm_hard_s4_cla0p0_env0p2_lab0p1.json,0.1,1.0,bilstm,10%
paperA_bilstm_hard_s4_cla0p4_env0p0_lab0p0.json,0.0,0.9280948227963475,bilstm,0%
paperA_bilstm_hard_s4_cla0p4_env0p0_lab0p05.json,0.05,0.9316661680165743,bilstm,5%
paperA_bilstm_hard_s4_cla0p4_env0p0_lab0p1.json,0.1,0.9314591528602991,bilstm,10%
paperA_bilstm_hard_s4_cla0p4_env0p1_lab0p0.json,0.0,0.9281090083326176,bilstm,0%
paperA_bilstm_hard_s4_cla0p4_env0p1_lab0p05.json,0.05,0.9316536392285013,bilstm,5%
paperA_bilstm_hard_s4_cla0p4_env0p1_lab0p1.json,0.1,0.9246462950146987,bilstm,10%
paperA_bilstm_hard_s4_cla0p4_env0p2_lab0p0.json,0.0,0.9565727807600605,bilstm,0%
paperA_bilstm_hard_s4_cla0p4_env0p2_lab0p05.json,0.05,0.935384866183775,bilstm,5%
paperA_bilstm_hard_s4_cla0p4_env0p2_lab0p1.json,0.1,0.9342026628758047,bilstm,10%
paperA_bilstm_hard_s4_cla0p8_env0p0_lab0p0.json,0.0,0.6914393178094015,bilstm,0%
paperA_bilstm_hard_s4_cla0p8_env0p0_lab0p05.json,0.05,0.7062661275002664,bilstm,5%
paperA_bilstm_hard_s4_cla0p8_env0p0_lab0p1.json,0.1,0.7061663381001284,bilstm,10%
paperA_bilstm_hard_s4_cla0p8_env0p1_lab0p0.json,0.0,0.9154016863694792,bilstm,0%
paperA_bilstm_hard_s4_cla0p8_env0p1_lab0p05.json,0.05,0.9165949671212206,bilstm,5%
paperA_bilstm_hard_s4_cla0p8_env0p1_lab0p1.json,0.1,0.6779132051675254,bilstm,10%
paperA_bilstm_hard_s4_cla0p8_env0p2_lab0p0.json,0.0,0.9601693558646632,bilstm,0%
paperA_bilstm_hard_s4_cla0p8_env0p2_lab0p05.json,0.05,0.9545115533373416,bilstm,5%
paperA_bilstm_hard_s4_cla0p8_env0p2_lab0p1.json,0.1,0.95568769596568,bilstm,10%
paperA_cnn_hard_s0_cla0p0_env0p0_lab0p0.json,0.0,1.0,cnn,0%
paperA_cnn_hard_s0_cla0p0_env0p0_lab0p05.json,0.05,1.0,cnn,5%
paperA_cnn_hard_s0_cla0p0_env0p0_lab0p1.json,0.1,1.0,cnn,10%
paperA_cnn_hard_s0_cla0p0_env0p1_lab0p0.json,0.0,1.0,cnn,0%
paperA_cnn_hard_s0_cla0p0_env0p1_lab0p05.json,0.05,1.0,cnn,5%
paperA_cnn_hard_s0_cla0p0_env0p1_lab0p1.json,0.1,1.0,cnn,10%
paperA_cnn_hard_s0_cla0p0_env0p2_lab0p0.json,0.0,1.0,cnn,0%
paperA_cnn_hard_s0_cla0p0_env0p2_lab0p05.json,0.05,1.0,cnn,5%
paperA_cnn_hard_s0_cla0p0_env0p2_lab0p1.json,0.1,1.0,cnn,10%
paperA_cnn_hard_s0_cla0p4_env0p0_lab0p0.json,0.0,0.9248574848646733,cnn,0%
paperA_cnn_hard_s0_cla0p4_env0p0_lab0p05.json,0.05,0.9265826971643156,cnn,5%
paperA_cnn_hard_s0_cla0p4_env0p0_lab0p1.json,0.1,0.9301896145885256,cnn,10%
paperA_cnn_hard_s0_cla0p4_env0p1_lab0p0.json,0.0,0.9788044955072377,cnn,0%
paperA_cnn_hard_s0_cla0p4_env0p1_lab0p05.json,0.05,0.985059303882327,cnn,5%
paperA_cnn_hard_s0_cla0p4_env0p1_lab0p1.json,0.1,0.9877116362366256,cnn,10%
paperA_cnn_hard_s0_cla0p4_env0p2_lab0p0.json,0.0,0.9900117806587265,cnn,0%
paperA_cnn_hard_s0_cla0p4_env0p2_lab0p05.json,0.05,0.9895939765893573,cnn,5%
paperA_cnn_hard_s0_cla0p4_env0p2_lab0p1.json,0.1,0.9922161536358706,cnn,10%
paperA_cnn_hard_s0_cla0p8_env0p0_lab0p0.json,0.0,0.7109839892243769,cnn,0%
paperA_cnn_hard_s0_cla0p8_env0p0_lab0p05.json,0.05,0.7223772748297822,cnn,5%
paperA_cnn_hard_s0_cla0p8_env0p0_lab0p1.json,0.1,0.7074416148359546,cnn,10%
paperA_cnn_hard_s0_cla0p8_env0p1_lab0p0.json,0.0,0.9479342944353651,cnn,0%
paperA_cnn_hard_s0_cla0p8_env0p1_lab0p05.json,0.05,0.9421639244294839,cnn,5%
paperA_cnn_hard_s0_cla0p8_env0p1_lab0p1.json,0.1,0.938613547574557,cnn,10%
paperA_cnn_hard_s0_cla0p8_env0p2_lab0p0.json,0.0,0.965948827293944,cnn,0%
paperA_cnn_hard_s0_cla0p8_env0p2_lab0p05.json,0.05,0.9614506563603616,cnn,5%
paperA_cnn_hard_s0_cla0p8_env0p2_lab0p1.json,0.1,0.9711497182434524,cnn,10%
paperA_cnn_hard_s1_cla0p0_env0p0_lab0p0.json,0.0,1.0,cnn,0%
paperA_cnn_hard_s1_cla0p0_env0p0_lab0p05.json,0.05,1.0,cnn,5%
paperA_cnn_hard_s1_cla0p0_env0p0_lab0p1.json,0.1,1.0,cnn,10%
paperA_cnn_hard_s1_cla0p0_env0p1_lab0p0.json,0.0,1.0,cnn,0%
paperA_cnn_hard_s1_cla0p0_env0p1_lab0p05.json,0.05,1.0,cnn,5%
paperA_cnn_hard_s1_cla0p0_env0p1_lab0p1.json,0.1,1.0,cnn,10%
paperA_cnn_hard_s1_cla0p0_env0p2_lab0p0.json,0.0,1.0,cnn,0%
paperA_cnn_hard_s1_cla0p0_env0p2_lab0p05.json,0.05,1.0,cnn,5%
paperA_cnn_hard_s1_cla0p0_env0p2_lab0p1.json,0.1,1.0,cnn,10%
paperA_cnn_hard_s1_cla0p4_env0p0_lab0p0.json,0.0,0.9276594539120993,cnn,0%
paperA_cnn_hard_s1_cla0p4_env0p0_lab0p05.json,0.05,0.9347075384580557,cnn,5%
paperA_cnn_hard_s1_cla0p4_env0p0_lab0p1.json,0.1,0.929243611714696,cnn,10%
paperA_cnn_hard_s1_cla0p4_env0p1_lab0p0.json,0.0,0.9730972315746083,cnn,0%
paperA_cnn_hard_s1_cla0p4_env0p1_lab0p05.json,0.05,0.9865857616633498,cnn,5%
paperA_cnn_hard_s1_cla0p4_env0p1_lab0p1.json,0.1,0.9874115331549205,cnn,10%
paperA_cnn_hard_s1_cla0p4_env0p2_lab0p0.json,0.0,0.9922778891357191,cnn,0%
paperA_cnn_hard_s1_cla0p4_env0p2_lab0p05.json,0.05,0.9872723271038714,cnn,5%
paperA_cnn_hard_s1_cla0p4_env0p2_lab0p1.json,0.1,0.9894007918646501,cnn,10%
paperA_cnn_hard_s1_cla0p8_env0p0_lab0p0.json,0.0,0.7034276554759501,cnn,0%
paperA_cnn_hard_s1_cla0p8_env0p0_lab0p05.json,0.05,0.7167164292818864,cnn,5%
paperA_cnn_hard_s1_cla0p8_env0p0_lab0p1.json,0.1,0.6999433500254273,cnn,10%
paperA_cnn_hard_s1_cla0p8_env0p1_lab0p0.json,0.0,0.9230601628628042,cnn,0%
paperA_cnn_hard_s1_cla0p8_env0p1_lab0p05.json,0.05,0.9436890352901899,cnn,5%
paperA_cnn_hard_s1_cla0p8_env0p1_lab0p1.json,0.1,0.9195134249319179,cnn,10%
paperA_cnn_hard_s1_cla0p8_env0p2_lab0p0.json,0.0,0.9751117419566284,cnn,0%
paperA_cnn_hard_s1_cla0p8_env0p2_lab0p05.json,0.05,0.9702251302241105,cnn,5%
paperA_cnn_hard_s1_cla0p8_env0p2_lab0p1.json,0.1,0.9517132687835738,cnn,10%
paperA_cnn_hard_s2_cla0p0_env0p0_lab0p0.json,0.0,1.0,cnn,0%
paperA_cnn_hard_s2_cla0p0_env0p0_lab0p05.json,0.05,1.0,cnn,5%
paperA_cnn_hard_s2_cla0p0_env0p0_lab0p1.json,0.1,1.0,cnn,10%
paperA_cnn_hard_s2_cla0p0_env0p1_lab0p0.json,0.0,1.0,cnn,0%
paperA_cnn_hard_s2_cla0p0_env0p1_lab0p05.json,0.05,1.0,cnn,5%
paperA_cnn_hard_s2_cla0p0_env0p1_lab0p1.json,0.1,1.0,cnn,10%
paperA_cnn_hard_s2_cla0p0_env0p2_lab0p0.json,0.0,1.0,cnn,0%
paperA_cnn_hard_s2_cla0p0_env0p2_lab0p05.json,0.05,1.0,cnn,5%
paperA_cnn_hard_s2_cla0p0_env0p2_lab0p1.json,0.1,1.0,cnn,10%
paperA_cnn_hard_s2_cla0p4_env0p0_lab0p0.json,0.0,0.9344831138658604,cnn,0%
paperA_cnn_hard_s2_cla0p4_env0p0_lab0p05.json,0.05,0.9317386546672418,cnn,5%
paperA_cnn_hard_s2_cla0p4_env0p0_lab0p1.json,0.1,0.9301241874391525,cnn,10%
paperA_cnn_hard_s2_cla0p4_env0p1_lab0p0.json,0.0,0.9794111591882995,cnn,0%
paperA_cnn_hard_s2_cla0p4_env0p1_lab0p05.json,0.05,0.9763493564712635,cnn,5%
paperA_cnn_hard_s2_cla0p4_env0p1_lab0p1.json,0.1,0.9810608199515932,cnn,10%
paperA_cnn_hard_s2_cla0p4_env0p2_lab0p0.json,0.0,0.9892368411652863,cnn,0%
paperA_cnn_hard_s2_cla0p4_env0p2_lab0p05.json,0.05,0.9929204603655148,cnn,5%
paperA_cnn_hard_s2_cla0p4_env0p2_lab0p1.json,0.1,0.9857733675949637,cnn,10%
paperA_cnn_hard_s2_cla0p8_env0p0_lab0p0.json,0.0,0.703198411271061,cnn,0%
paperA_cnn_hard_s2_cla0p8_env0p0_lab0p05.json,0.05,0.7074086159114719,cnn,5%
paperA_cnn_hard_s2_cla0p8_env0p0_lab0p1.json,0.1,0.7066618947541067,cnn,10%
paperA_cnn_hard_s2_cla0p8_env0p1_lab0p0.json,0.0,0.9371735182617171,cnn,0%
paperA_cnn_hard_s2_cla0p8_env0p1_lab0p05.json,0.05,0.9472175826243409,cnn,5%
paperA_cnn_hard_s2_cla0p8_env0p1_lab0p1.json,0.1,0.9467201487335356,cnn,10%
paperA_cnn_hard_s2_cla0p8_env0p2_lab0p0.json,0.0,0.9688630575157715,cnn,0%
paperA_cnn_hard_s2_cla0p8_env0p2_lab0p05.json,0.05,0.9686429019240487,cnn,5%
paperA_cnn_hard_s2_cla0p8_env0p2_lab0p1.json,0.1,0.9584842916632934,cnn,10%
paperA_cnn_hard_s3_cla0p0_env0p0_lab0p0.json,0.0,1.0,cnn,0%
paperA_cnn_hard_s3_cla0p0_env0p0_lab0p05.json,0.05,1.0,cnn,5%
paperA_cnn_hard_s3_cla0p0_env0p0_lab0p1.json,0.1,1.0,cnn,10%
paperA_cnn_hard_s3_cla0p0_env0p1_lab0p0.json,0.0,1.0,cnn,0%
paperA_cnn_hard_s3_cla0p0_env0p1_lab0p05.json,0.05,1.0,cnn,5%
paperA_cnn_hard_s3_cla0p0_env0p1_lab0p1.json,0.1,1.0,cnn,10%
paperA_cnn_hard_s3_cla0p0_env0p2_lab0p0.json,0.0,1.0,cnn,0%
paperA_cnn_hard_s3_cla0p0_env0p2_lab0p05.json,0.05,1.0,cnn,5%
paperA_cnn_hard_s3_cla0p0_env0p2_lab0p1.json,0.1,1.0,cnn,10%
paperA_cnn_hard_s3_cla0p4_env0p0_lab0p0.json,0.0,0.924482918298833,cnn,0%
paperA_cnn_hard_s3_cla0p4_env0p0_lab0p05.json,0.05,0.9259813760755125,cnn,5%
paperA_cnn_hard_s3_cla0p4_env0p0_lab0p1.json,0.1,0.9362191748773011,cnn,10%
paperA_cnn_hard_s3_cla0p4_env0p1_lab0p0.json,0.0,0.9808098001190431,cnn,0%
paperA_cnn_hard_s3_cla0p4_env0p1_lab0p05.json,0.05,0.978129850118425,cnn,5%
paperA_cnn_hard_s3_cla0p4_env0p1_lab0p1.json,0.1,0.9807646343676111,cnn,10%
paperA_cnn_hard_s3_cla0p4_env0p2_lab0p0.json,0.0,0.9836912084042367,cnn,0%
paperA_cnn_hard_s3_cla0p4_env0p2_lab0p05.json,0.05,0.9871165591884776,cnn,5%
paperA_cnn_hard_s3_cla0p4_env0p2_lab0p1.json,0.1,0.9903814312686445,cnn,10%
paperA_cnn_hard_s3_cla0p8_env0p0_lab0p0.json,0.0,0.712808914701405,cnn,0%
paperA_cnn_hard_s3_cla0p8_env0p0_lab0p05.json,0.05,0.7086670314912724,cnn,5%
paperA_cnn_hard_s3_cla0p8_env0p0_lab0p1.json,0.1,0.7164000855241541,cnn,10%
paperA_cnn_hard_s3_cla0p8_env0p1_lab0p0.json,0.0,0.9428717524235717,cnn,0%
paperA_cnn_hard_s3_cla0p8_env0p1_lab0p05.json,0.05,0.934666719220708,cnn,5%
paperA_cnn_hard_s3_cla0p8_env0p1_lab0p1.json,0.1,0.9482272149882442,cnn,10%
paperA_cnn_hard_s3_cla0p8_env0p2_lab0p0.json,0.0,0.9704780666542875,cnn,0%
paperA_cnn_hard_s3_cla0p8_env0p2_lab0p05.json,0.05,0.9528348448599748,cnn,5%
paperA_cnn_hard_s3_cla0p8_env0p2_lab0p1.json,0.1,0.9699202216418414,cnn,10%
paperA_cnn_hard_s4_cla0p0_env0p0_lab0p0.json,0.0,1.0,cnn,0%
paperA_cnn_hard_s4_cla0p0_env0p0_lab0p05.json,0.05,1.0,cnn,5%
paperA_cnn_hard_s4_cla0p0_env0p0_lab0p1.json,0.1,1.0,cnn,10%
paperA_cnn_hard_s4_cla0p0_env0p1_lab0p0.json,0.0,1.0,cnn,0%
paperA_cnn_hard_s4_cla0p0_env0p1_lab0p05.json,0.05,1.0,cnn,5%
paperA_cnn_hard_s4_cla0p0_env0p1_lab0p1.json,0.1,1.0,cnn,10%
paperA_cnn_hard_s4_cla0p0_env0p2_lab0p0.json,0.0,1.0,cnn,0%
paperA_cnn_hard_s4_cla0p0_env0p2_lab0p05.json,0.05,1.0,cnn,5%
paperA_cnn_hard_s4_cla0p0_env0p2_lab0p1.json,0.1,1.0,cnn,10%
paperA_cnn_hard_s4_cla0p4_env0p0_lab0p0.json,0.0,0.925315943968626,cnn,0%
paperA_cnn_hard_s4_cla0p4_env0p0_lab0p05.json,0.05,0.9325460310381879,cnn,5%
paperA_cnn_hard_s4_cla0p4_env0p0_lab0p1.json,0.1,0.9279045554021967,cnn,10%
paperA_cnn_hard_s4_cla0p4_env0p1_lab0p0.json,0.0,0.9884474587007386,cnn,0%
paperA_cnn_hard_s4_cla0p4_env0p1_lab0p05.json,0.05,0.9826891166769951,cnn,5%
paperA_cnn_hard_s4_cla0p4_env0p1_lab0p1.json,0.1,0.9825063015755001,cnn,10%
paperA_cnn_hard_s4_cla0p4_env0p2_lab0p0.json,0.0,0.9821677648350629,cnn,0%
paperA_cnn_hard_s4_cla0p4_env0p2_lab0p05.json,0.05,0.9916508908233502,cnn,5%
paperA_cnn_hard_s4_cla0p4_env0p2_lab0p1.json,0.1,0.9873803149658235,cnn,10%
paperA_cnn_hard_s4_cla0p8_env0p0_lab0p0.json,0.0,0.7024065804782438,cnn,0%
paperA_cnn_hard_s4_cla0p8_env0p0_lab0p05.json,0.05,0.7119532045287575,cnn,5%
paperA_cnn_hard_s4_cla0p8_env0p0_lab0p1.json,0.1,0.6984022954037679,cnn,10%
paperA_cnn_hard_s4_cla0p8_env0p1_lab0p0.json,0.0,0.9401620097978648,cnn,0%
paperA_cnn_hard_s4_cla0p8_env0p1_lab0p05.json,0.05,0.9360206750510929,cnn,5%
paperA_cnn_hard_s4_cla0p8_env0p1_lab0p1.json,0.1,0.9429956954670224,cnn,10%
paperA_cnn_hard_s4_cla0p8_env0p2_lab0p0.json,0.0,0.9649319758019154,cnn,0%
paperA_cnn_hard_s4_cla0p8_env0p2_lab0p05.json,0.05,0.9699170282603664,cnn,5%
paperA_cnn_hard_s4_cla0p8_env0p2_lab0p1.json,0.1,0.9649402664732031,cnn,10%
paperA_conformer_lite_hard_s0_cla0p0_env0p0_lab0p0.json,0.0,1.0,conformer_lite,0%
paperA_conformer_lite_hard_s0_cla0p0_env0p0_lab0p05.json,0.05,1.0,conformer_lite,5%
paperA_conformer_lite_hard_s0_cla0p0_env0p0_lab0p1.json,0.1,1.0,conformer_lite,10%
paperA_conformer_lite_hard_s0_cla0p0_env0p1_lab0p0.json,0.0,1.0,conformer_lite,0%
paperA_conformer_lite_hard_s0_cla0p0_env0p1_lab0p05.json,0.05,1.0,conformer_lite,5%
paperA_conformer_lite_hard_s0_cla0p0_env0p1_lab0p1.json,0.1,1.0,conformer_lite,10%
paperA_conformer_lite_hard_s0_cla0p0_env0p2_lab0p0.json,0.0,1.0,conformer_lite,0%
paperA_conformer_lite_hard_s0_cla0p0_env0p2_lab0p05.json,0.05,1.0,conformer_lite,5%
paperA_conformer_lite_hard_s0_cla0p0_env0p2_lab0p1.json,0.1,1.0,conformer_lite,10%
paperA_conformer_lite_hard_s0_cla0p4_env0p0_lab0p0.json,0.0,0.9237038436119508,conformer_lite,0%
paperA_conformer_lite_hard_s0_cla0p4_env0p0_lab0p05.json,0.05,0.9182514198944165,conformer_lite,5%
paperA_conformer_lite_hard_s0_cla0p4_env0p0_lab0p1.json,0.1,0.921849014990978,conformer_lite,10%
paperA_conformer_lite_hard_s0_cla0p4_env0p1_lab0p0.json,0.0,0.9603704725966464,conformer_lite,0%
paperA_conformer_lite_hard_s0_cla0p4_env0p1_lab0p05.json,0.05,0.9822361883259063,conformer_lite,5%
paperA_conformer_lite_hard_s0_cla0p4_env0p1_lab0p1.json,0.1,0.9696133952849877,conformer_lite,10%
paperA_conformer_lite_hard_s0_cla0p4_env0p2_lab0p0.json,0.0,0.9742506398088675,conformer_lite,0%
paperA_conformer_lite_hard_s0_cla0p4_env0p2_lab0p05.json,0.05,0.9746358364559722,conformer_lite,5%
paperA_conformer_lite_hard_s0_cla0p4_env0p2_lab0p1.json,0.1,0.9847522788708243,conformer_lite,10%
paperA_conformer_lite_hard_s0_cla0p8_env0p0_lab0p0.json,0.0,0.7203032208227278,conformer_lite,0%
paperA_conformer_lite_hard_s0_cla0p8_env0p0_lab0p05.json,0.05,0.7192972264105373,conformer_lite,5%
paperA_conformer_lite_hard_s0_cla0p8_env0p0_lab0p1.json,0.1,0.7091560472010174,conformer_lite,10%
paperA_conformer_lite_hard_s0_cla0p8_env0p1_lab0p0.json,0.0,0.8314827330382739,conformer_lite,0%
paperA_conformer_lite_hard_s0_cla0p8_env0p1_lab0p05.json,0.05,0.9365048839645933,conformer_lite,5%
paperA_conformer_lite_hard_s0_cla0p8_env0p1_lab0p1.json,0.1,0.912396897856932,conformer_lite,10%
paperA_conformer_lite_hard_s0_cla0p8_env0p2_lab0p0.json,0.0,0.9431844407470995,conformer_lite,0%
paperA_conformer_lite_hard_s0_cla0p8_env0p2_lab0p05.json,0.05,0.9332103155790603,conformer_lite,5%
paperA_conformer_lite_hard_s0_cla0p8_env0p2_lab0p1.json,0.1,0.9528299272673344,conformer_lite,10%
paperA_conformer_lite_hard_s1_cla0p0_env0p0_lab0p0.json,0.0,1.0,conformer_lite,0%
paperA_conformer_lite_hard_s1_cla0p0_env0p0_lab0p05.json,0.05,1.0,conformer_lite,5%
paperA_conformer_lite_hard_s1_cla0p0_env0p0_lab0p1.json,0.1,1.0,conformer_lite,10%
paperA_conformer_lite_hard_s1_cla0p0_env0p1_lab0p0.json,0.0,1.0,conformer_lite,0%
paperA_conformer_lite_hard_s1_cla0p0_env0p1_lab0p05.json,0.05,1.0,conformer_lite,5%
paperA_conformer_lite_hard_s1_cla0p0_env0p1_lab0p1.json,0.1,1.0,conformer_lite,10%
paperA_conformer_lite_hard_s1_cla0p0_env0p2_lab0p0.json,0.0,1.0,conformer_lite,0%
paperA_conformer_lite_hard_s1_cla0p0_env0p2_lab0p05.json,0.05,1.0,conformer_lite,5%
paperA_conformer_lite_hard_s1_cla0p0_env0p2_lab0p1.json,0.1,1.0,conformer_lite,10%
paperA_conformer_lite_hard_s1_cla0p4_env0p0_lab0p0.json,0.0,0.9251140191701628,conformer_lite,0%
paperA_conformer_lite_hard_s1_cla0p4_env0p0_lab0p05.json,0.05,0.9285886508495855,conformer_lite,5%
paperA_conformer_lite_hard_s1_cla0p4_env0p0_lab0p1.json,0.1,0.92713635235173,conformer_lite,10%
paperA_conformer_lite_hard_s1_cla0p4_env0p1_lab0p0.json,0.0,0.9726322377271521,conformer_lite,0%
paperA_conformer_lite_hard_s1_cla0p4_env0p1_lab0p05.json,0.05,0.9778767402715414,conformer_lite,5%
paperA_conformer_lite_hard_s1_cla0p4_env0p1_lab0p1.json,0.1,0.9742708221270373,conformer_lite,10%
paperA_conformer_lite_hard_s1_cla0p4_env0p2_lab0p0.json,0.0,0.9855637008915772,conformer_lite,0%
paperA_conformer_lite_hard_s1_cla0p4_env0p2_lab0p05.json,0.05,0.9866578133642849,conformer_lite,5%
paperA_conformer_lite_hard_s1_cla0p4_env0p2_lab0p1.json,0.1,0.9866878859260764,conformer_lite,10%
paperA_conformer_lite_hard_s1_cla0p8_env0p0_lab0p0.json,0.0,0.6822912023674964,conformer_lite,0%
paperA_conformer_lite_hard_s1_cla0p8_env0p0_lab0p05.json,0.05,0.7059880279574827,conformer_lite,5%
paperA_conformer_lite_hard_s1_cla0p8_env0p0_lab0p1.json,0.1,0.682605955819282,conformer_lite,10%
paperA_conformer_lite_hard_s1_cla0p8_env0p1_lab0p0.json,0.0,0.9382240018051073,conformer_lite,0%
paperA_conformer_lite_hard_s1_cla0p8_env0p1_lab0p05.json,0.05,0.9283368442755736,conformer_lite,5%
paperA_conformer_lite_hard_s1_cla0p8_env0p1_lab0p1.json,0.1,0.9302281004185384,conformer_lite,10%
paperA_conformer_lite_hard_s1_cla0p8_env0p2_lab0p0.json,0.0,0.9561443186349585,conformer_lite,0%
paperA_conformer_lite_hard_s1_cla0p8_env0p2_lab0p05.json,0.05,0.9558310587085735,conformer_lite,5%
paperA_conformer_lite_hard_s1_cla0p8_env0p2_lab0p1.json,0.1,0.9157542565817242,conformer_lite,10%
paperA_conformer_lite_hard_s2_cla0p0_env0p0_lab0p0.json,0.0,1.0,conformer_lite,0%
paperA_conformer_lite_hard_s2_cla0p0_env0p0_lab0p05.json,0.05,1.0,conformer_lite,5%
paperA_conformer_lite_hard_s2_cla0p0_env0p0_lab0p1.json,0.1,1.0,conformer_lite,10%
paperA_conformer_lite_hard_s2_cla0p0_env0p1_lab0p0.json,0.0,1.0,conformer_lite,0%
paperA_conformer_lite_hard_s2_cla0p0_env0p1_lab0p05.json,0.05,1.0,conformer_lite,5%
paperA_conformer_lite_hard_s2_cla0p0_env0p1_lab0p1.json,0.1,1.0,conformer_lite,10%
paperA_conformer_lite_hard_s2_cla0p0_env0p2_lab0p0.json,0.0,1.0,conformer_lite,0%
paperA_conformer_lite_hard_s2_cla0p0_env0p2_lab0p05.json,0.05,1.0,conformer_lite,5%
paperA_conformer_lite_hard_s2_cla0p0_env0p2_lab0p1.json,0.1,1.0,conformer_lite,10%
paperA_conformer_lite_hard_s2_cla0p4_env0p0_lab0p0.json,0.0,0.9361870925813918,conformer_lite,0%
paperA_conformer_lite_hard_s2_cla0p4_env0p0_lab0p05.json,0.05,0.9304710419719083,conformer_lite,5%
paperA_conformer_lite_hard_s2_cla0p4_env0p0_lab0p1.json,0.1,0.9275086007378287,conformer_lite,10%
paperA_conformer_lite_hard_s2_cla0p4_env0p1_lab0p0.json,0.0,0.9585432712312291,conformer_lite,0%
paperA_conformer_lite_hard_s2_cla0p4_env0p1_lab0p05.json,0.05,0.9696858301517068,conformer_lite,5%
paperA_conformer_lite_hard_s2_cla0p4_env0p1_lab0p1.json,0.1,0.9785735010262573,conformer_lite,10%
paperA_conformer_lite_hard_s2_cla0p4_env0p2_lab0p0.json,0.0,0.9678683604333705,conformer_lite,0%
paperA_conformer_lite_hard_s2_cla0p4_env0p2_lab0p05.json,0.05,0.9564799965060722,conformer_lite,5%
paperA_conformer_lite_hard_s2_cla0p4_env0p2_lab0p1.json,0.1,0.964397331346156,conformer_lite,10%
paperA_conformer_lite_hard_s2_cla0p8_env0p0_lab0p0.json,0.0,0.7007458730367833,conformer_lite,0%
paperA_conformer_lite_hard_s2_cla0p8_env0p0_lab0p05.json,0.05,0.6959049841333739,conformer_lite,5%
paperA_conformer_lite_hard_s2_cla0p8_env0p0_lab0p1.json,0.1,0.7144023240756348,conformer_lite,10%
paperA_conformer_lite_hard_s2_cla0p8_env0p1_lab0p0.json,0.0,0.950917021403962,conformer_lite,0%
paperA_conformer_lite_hard_s2_cla0p8_env0p1_lab0p05.json,0.05,0.944947728317076,conformer_lite,5%
paperA_conformer_lite_hard_s2_cla0p8_env0p1_lab0p1.json,0.1,0.9193382246377363,conformer_lite,10%
paperA_conformer_lite_hard_s2_cla0p8_env0p2_lab0p0.json,0.0,0.9411272772385093,conformer_lite,0%
paperA_conformer_lite_hard_s2_cla0p8_env0p2_lab0p05.json,0.05,0.9344981572862222,conformer_lite,5%
paperA_conformer_lite_hard_s2_cla0p8_env0p2_lab0p1.json,0.1,0.9172640373187297,conformer_lite,10%
paperA_conformer_lite_hard_s3_cla0p0_env0p0_lab0p0.json,0.0,1.0,conformer_lite,0%
paperA_conformer_lite_hard_s3_cla0p0_env0p0_lab0p05.json,0.05,1.0,conformer_lite,5%
paperA_conformer_lite_hard_s3_cla0p0_env0p0_lab0p1.json,0.1,1.0,conformer_lite,10%
paperA_conformer_lite_hard_s3_cla0p0_env0p1_lab0p0.json,0.0,1.0,conformer_lite,0%
paperA_conformer_lite_hard_s3_cla0p0_env0p1_lab0p05.json,0.05,1.0,conformer_lite,5%
paperA_conformer_lite_hard_s3_cla0p0_env0p1_lab0p1.json,0.1,1.0,conformer_lite,10%
paperA_conformer_lite_hard_s3_cla0p0_env0p2_lab0p0.json,0.0,1.0,conformer_lite,0%
paperA_conformer_lite_hard_s3_cla0p0_env0p2_lab0p05.json,0.05,1.0,conformer_lite,5%
paperA_conformer_lite_hard_s3_cla0p0_env0p2_lab0p1.json,0.1,1.0,conformer_lite,10%
paperA_conformer_lite_hard_s3_cla0p4_env0p0_lab0p0.json,0.0,0.9223962632369206,conformer_lite,0%
paperA_conformer_lite_hard_s3_cla0p4_env0p0_lab0p05.json,0.05,0.9243540013960785,conformer_lite,5%
paperA_conformer_lite_hard_s3_cla0p4_env0p0_lab0p1.json,0.1,0.9334180353429742,conformer_lite,10%
paperA_conformer_lite_hard_s3_cla0p4_env0p1_lab0p0.json,0.0,0.9669131640371538,conformer_lite,0%
paperA_conformer_lite_hard_s3_cla0p4_env0p1_lab0p05.json,0.05,0.9552669985206114,conformer_lite,5%
paperA_conformer_lite_hard_s3_cla0p4_env0p1_lab0p1.json,0.1,0.9792613993641538,conformer_lite,10%
paperA_conformer_lite_hard_s3_cla0p4_env0p2_lab0p0.json,0.0,0.9828720478207296,conformer_lite,0%
paperA_conformer_lite_hard_s3_cla0p4_env0p2_lab0p05.json,0.05,0.9874441284037185,conformer_lite,5%
paperA_conformer_lite_hard_s3_cla0p4_env0p2_lab0p1.json,0.1,0.96009668259227,conformer_lite,10%
paperA_conformer_lite_hard_s3_cla0p8_env0p0_lab0p0.json,0.0,0.7132408678572827,conformer_lite,0%
paperA_conformer_lite_hard_s3_cla0p8_env0p0_lab0p05.json,0.05,0.7073717025642916,conformer_lite,5%
paperA_conformer_lite_hard_s3_cla0p8_env0p0_lab0p1.json,0.1,0.7152958520635857,conformer_lite,10%
paperA_conformer_lite_hard_s3_cla0p8_env0p1_lab0p0.json,0.0,0.923117269951067,conformer_lite,0%
paperA_conformer_lite_hard_s3_cla0p8_env0p1_lab0p05.json,0.05,0.8454173398115521,conformer_lite,5%
paperA_conformer_lite_hard_s3_cla0p8_env0p1_lab0p1.json,0.1,0.9200764812063651,conformer_lite,10%
paperA_conformer_lite_hard_s3_cla0p8_env0p2_lab0p0.json,0.0,0.9539430333781677,conformer_lite,0%
paperA_conformer_lite_hard_s3_cla0p8_env0p2_lab0p05.json,0.05,0.9480571688495476,conformer_lite,5%
paperA_conformer_lite_hard_s3_cla0p8_env0p2_lab0p1.json,0.1,0.937818962696169,conformer_lite,10%
paperA_conformer_lite_hard_s4_cla0p0_env0p0_lab0p0.json,0.0,1.0,conformer_lite,0%
paperA_conformer_lite_hard_s4_cla0p0_env0p0_lab0p05.json,0.05,1.0,conformer_lite,5%
paperA_conformer_lite_hard_s4_cla0p0_env0p0_lab0p1.json,0.1,1.0,conformer_lite,10%
paperA_conformer_lite_hard_s4_cla0p0_env0p1_lab0p0.json,0.0,1.0,conformer_lite,0%
paperA_conformer_lite_hard_s4_cla0p0_env0p1_lab0p05.json,0.05,1.0,conformer_lite,5%
paperA_conformer_lite_hard_s4_cla0p0_env0p1_lab0p1.json,0.1,1.0,conformer_lite,10%
paperA_conformer_lite_hard_s4_cla0p0_env0p2_lab0p0.json,0.0,1.0,conformer_lite,0%
paperA_conformer_lite_hard_s4_cla0p0_env0p2_lab0p05.json,0.05,1.0,conformer_lite,5%
paperA_conformer_lite_hard_s4_cla0p0_env0p2_lab0p1.json,0.1,1.0,conformer_lite,10%
paperA_conformer_lite_hard_s4_cla0p4_env0p0_lab0p0.json,0.0,0.9316092222165775,conformer_lite,0%
paperA_conformer_lite_hard_s4_cla0p4_env0p0_lab0p05.json,0.05,0.9247438901610469,conformer_lite,5%
paperA_conformer_lite_hard_s4_cla0p4_env0p0_lab0p1.json,0.1,0.9312305022327526,conformer_lite,10%
paperA_conformer_lite_hard_s4_cla0p4_env0p1_lab0p0.json,0.0,0.9742583947881467,conformer_lite,0%
paperA_conformer_lite_hard_s4_cla0p4_env0p1_lab0p05.json,0.05,0.9760874626349144,conformer_lite,5%
paperA_conformer_lite_hard_s4_cla0p4_env0p1_lab0p1.json,0.1,0.9684612002725668,conformer_lite,10%
paperA_conformer_lite_hard_s4_cla0p4_env0p2_lab0p0.json,0.0,0.9842577876942253,conformer_lite,0%
paperA_conformer_lite_hard_s4_cla0p4_env0p2_lab0p05.json,0.05,0.9780469000278293,conformer_lite,5%
paperA_conformer_lite_hard_s4_cla0p4_env0p2_lab0p1.json,0.1,0.9877197241824672,conformer_lite,10%
paperA_conformer_lite_hard_s4_cla0p8_env0p0_lab0p0.json,0.0,0.6864679302528633,conformer_lite,0%
paperA_conformer_lite_hard_s4_cla0p8_env0p0_lab0p05.json,0.05,0.7099408977078496,conformer_lite,5%
paperA_conformer_lite_hard_s4_cla0p8_env0p0_lab0p1.json,0.1,0.7091553072514301,conformer_lite,10%
paperA_conformer_lite_hard_s4_cla0p8_env0p1_lab0p0.json,0.0,0.8532139051059489,conformer_lite,0%
paperA_conformer_lite_hard_s4_cla0p8_env0p1_lab0p05.json,0.05,0.9330056358806342,conformer_lite,5%
paperA_conformer_lite_hard_s4_cla0p8_env0p1_lab0p1.json,0.1,0.8587856895495876,conformer_lite,10%
paperA_conformer_lite_hard_s4_cla0p8_env0p2_lab0p0.json,0.0,0.9562405740970331,conformer_lite,0%
paperA_conformer_lite_hard_s4_cla0p8_env0p2_lab0p05.json,0.05,0.9397805350786324,conformer_lite,5%
paperA_conformer_lite_hard_s4_cla0p8_env0p2_lab0p1.json,0.1,0.9146100739615928,conformer_lite,10%
paperA_enhanced_hard_s0_cla0p0_env0p0_lab0p0.json,0.0,1.0,enhanced,0%
paperA_enhanced_hard_s0_cla0p0_env0p0_lab0p05.json,0.05,1.0,enhanced,5%
paperA_enhanced_hard_s0_cla0p0_env0p0_lab0p1.json,0.1,1.0,enhanced,10%
paperA_enhanced_hard_s0_cla0p0_env0p1_lab0p0.json,0.0,1.0,enhanced,0%
paperA_enhanced_hard_s0_cla0p0_env0p1_lab0p05.json,0.05,1.0,enhanced,5%
paperA_enhanced_hard_s0_cla0p0_env0p1_lab0p1.json,0.1,1.0,enhanced,10%
paperA_enhanced_hard_s0_cla0p0_env0p2_lab0p0.json,0.0,1.0,enhanced,0%
paperA_enhanced_hard_s0_cla0p0_env0p2_lab0p05.json,0.05,1.0,enhanced,5%
paperA_enhanced_hard_s0_cla0p0_env0p2_lab0p1.json,0.1,1.0,enhanced,10%
paperA_enhanced_hard_s0_cla0p4_env0p0_lab0p0.json,0.0,0.9198552670110707,enhanced,0%
paperA_enhanced_hard_s0_cla0p4_env0p0_lab0p05.json,0.05,0.925793096236248,enhanced,5%
paperA_enhanced_hard_s0_cla0p4_env0p0_lab0p1.json,0.1,0.9314236844191686,enhanced,10%
paperA_enhanced_hard_s0_cla0p4_env0p1_lab0p0.json,0.0,0.9890896125211399,enhanced,0%
paperA_enhanced_hard_s0_cla0p4_env0p1_lab0p05.json,0.05,0.9787383635017316,enhanced,5%
paperA_enhanced_hard_s0_cla0p4_env0p1_lab0p1.json,0.1,0.9895528632145658,enhanced,10%
paperA_enhanced_hard_s0_cla0p4_env0p2_lab0p0.json,0.0,0.9940242695216974,enhanced,0%
paperA_enhanced_hard_s0_cla0p4_env0p2_lab0p05.json,0.05,0.9949759124938076,enhanced,5%
paperA_enhanced_hard_s0_cla0p4_env0p2_lab0p1.json,0.1,0.9944613966725091,enhanced,10%
paperA_enhanced_hard_s0_cla0p8_env0p0_lab0p0.json,0.0,0.712463840747959,enhanced,0%
paperA_enhanced_hard_s0_cla0p8_env0p0_lab0p05.json,0.05,0.7230856657657497,enhanced,5%
paperA_enhanced_hard_s0_cla0p8_env0p0_lab0p1.json,0.1,0.7032276228111957,enhanced,10%
paperA_enhanced_hard_s0_cla0p8_env0p1_lab0p0.json,0.0,0.9596105057330464,enhanced,0%
paperA_enhanced_hard_s0_cla0p8_env0p1_lab0p05.json,0.05,0.9531391944292658,enhanced,5%
paperA_enhanced_hard_s0_cla0p8_env0p1_lab0p1.json,0.1,0.9495605925933406,enhanced,10%
paperA_enhanced_hard_s0_cla0p8_env0p2_lab0p0.json,0.0,0.9837087900536539,enhanced,0%
paperA_enhanced_hard_s0_cla0p8_env0p2_lab0p05.json,0.05,0.971231741716917,enhanced,5%
paperA_enhanced_hard_s0_cla0p8_env0p2_lab0p1.json,0.1,0.9748292257368296,enhanced,10%
paperA_enhanced_hard_s1_cla0p0_env0p0_lab0p0.json,0.0,1.0,enhanced,0%
paperA_enhanced_hard_s1_cla0p0_env0p0_lab0p05.json,0.05,1.0,enhanced,5%
paperA_enhanced_hard_s1_cla0p0_env0p0_lab0p1.json,0.1,1.0,enhanced,10%
paperA_enhanced_hard_s1_cla0p0_env0p1_lab0p0.json,0.0,1.0,enhanced,0%
paperA_enhanced_hard_s1_cla0p0_env0p1_lab0p05.json,0.05,1.0,enhanced,5%
paperA_enhanced_hard_s1_cla0p0_env0p1_lab0p1.json,0.1,1.0,enhanced,10%
paperA_enhanced_hard_s1_cla0p0_env0p2_lab0p0.json,0.0,1.0,enhanced,0%
paperA_enhanced_hard_s1_cla0p0_env0p2_lab0p05.json,0.05,1.0,enhanced,5%
paperA_enhanced_hard_s1_cla0p0_env0p2_lab0p1.json,0.1,1.0,enhanced,10%
paperA_enhanced_hard_s1_cla0p4_env0p0_lab0p0.json,0.0,0.921392436811652,enhanced,0%
paperA_enhanced_hard_s1_cla0p4_env0p0_lab0p05.json,0.05,0.9274807706015651,enhanced,5%
paperA_enhanced_hard_s1_cla0p4_env0p0_lab0p1.json,0.1,0.9272655538818602,enhanced,10%
paperA_enhanced_hard_s1_cla0p4_env0p1_lab0p0.json,0.0,0.9868488305485963,enhanced,0%
paperA_enhanced_hard_s1_cla0p4_env0p1_lab0p05.json,0.05,0.9882639712159582,enhanced,5%
paperA_enhanced_hard_s1_cla0p4_env0p1_lab0p1.json,0.1,0.9900767072780086,enhanced,10%
paperA_enhanced_hard_s1_cla0p4_env0p2_lab0p0.json,0.0,0.9892950127075398,enhanced,0%
paperA_enhanced_hard_s1_cla0p4_env0p2_lab0p05.json,0.05,0.9923079671239057,enhanced,5%
paperA_enhanced_hard_s1_cla0p4_env0p2_lab0p1.json,0.1,0.9920894461712455,enhanced,10%
paperA_enhanced_hard_s1_cla0p8_env0p0_lab0p0.json,0.0,0.6901695014579297,enhanced,0%
paperA_enhanced_hard_s1_cla0p8_env0p0_lab0p05.json,0.05,0.7020858517540214,enhanced,5%
paperA_enhanced_hard_s1_cla0p8_env0p0_lab0p1.json,0.1,0.6889659073359348,enhanced,10%
paperA_enhanced_hard_s1_cla0p8_env0p1_lab0p0.json,0.0,0.96375480540255,enhanced,0%
paperA_enhanced_hard_s1_cla0p8_env0p1_lab0p05.json,0.05,0.965715900457753,enhanced,5%
paperA_enhanced_hard_s1_cla0p8_env0p1_lab0p1.json,0.1,0.966915904064755,enhanced,10%
paperA_enhanced_hard_s1_cla0p8_env0p2_lab0p0.json,0.0,0.9648670581673653,enhanced,0%
paperA_enhanced_hard_s1_cla0p8_env0p2_lab0p05.json,0.05,0.9846370491479155,enhanced,5%
paperA_enhanced_hard_s1_cla0p8_env0p2_lab0p1.json,0.1,0.9483972173521464,enhanced,10%
paperA_enhanced_hard_s2_cla0p0_env0p0_lab0p0.json,0.0,1.0,enhanced,0%
paperA_enhanced_hard_s2_cla0p0_env0p0_lab0p05.json,0.05,1.0,enhanced,5%
paperA_enhanced_hard_s2_cla0p0_env0p0_lab0p1.json,0.1,1.0,enhanced,10%
paperA_enhanced_hard_s2_cla0p0_env0p1_lab0p0.json,0.0,1.0,enhanced,0%
paperA_enhanced_hard_s2_cla0p0_env0p1_lab0p05.json,0.05,1.0,enhanced,5%
paperA_enhanced_hard_s2_cla0p0_env0p1_lab0p1.json,0.1,1.0,enhanced,10%
paperA_enhanced_hard_s2_cla0p0_env0p2_lab0p0.json,0.0,1.0,enhanced,0%
paperA_enhanced_hard_s2_cla0p0_env0p2_lab0p05.json,0.05,1.0,enhanced,5%
paperA_enhanced_hard_s2_cla0p0_env0p2_lab0p1.json,0.1,1.0,enhanced,10%
paperA_enhanced_hard_s2_cla0p4_env0p0_lab0p0.json,0.0,0.9317316524679025,enhanced,0%
paperA_enhanced_hard_s2_cla0p4_env0p0_lab0p05.json,0.05,0.9306734377994068,enhanced,5%
paperA_enhanced_hard_s2_cla0p4_env0p0_lab0p1.json,0.1,0.9250079585273989,enhanced,10%
paperA_enhanced_hard_s2_cla0p4_env0p1_lab0p0.json,0.0,0.9919374226829372,enhanced,0%
paperA_enhanced_hard_s2_cla0p4_env0p1_lab0p05.json,0.05,0.9864536776658392,enhanced,5%
paperA_enhanced_hard_s2_cla0p4_env0p1_lab0p1.json,0.1,0.9894862853500005,enhanced,10%
paperA_enhanced_hard_s2_cla0p4_env0p2_lab0p0.json,0.0,0.9952976862159425,enhanced,0%
paperA_enhanced_hard_s2_cla0p4_env0p2_lab0p05.json,0.05,0.9945709986249437,enhanced,5%
paperA_enhanced_hard_s2_cla0p4_env0p2_lab0p1.json,0.1,0.9728074633423303,enhanced,10%
paperA_enhanced_hard_s2_cla0p8_env0p0_lab0p0.json,0.0,0.6879566846049954,enhanced,0%
paperA_enhanced_hard_s2_cla0p8_env0p0_lab0p05.json,0.05,0.6838093811162842,enhanced,5%
paperA_enhanced_hard_s2_cla0p8_env0p0_lab0p1.json,0.1,0.6983849514044984,enhanced,10%
paperA_enhanced_hard_s2_cla0p8_env0p1_lab0p0.json,0.0,0.9591274884563119,enhanced,0%
paperA_enhanced_hard_s2_cla0p8_env0p1_lab0p05.json,0.05,0.9652331450214038,enhanced,5%
paperA_enhanced_hard_s2_cla0p8_env0p1_lab0p1.json,0.1,0.9599323413560841,enhanced,10%
paperA_enhanced_hard_s2_cla0p8_env0p2_lab0p0.json,0.0,0.9801137264117231,enhanced,0%
paperA_enhanced_hard_s2_cla0p8_env0p2_lab0p05.json,0.05,0.9796697682718258,enhanced,5%
paperA_enhanced_hard_s2_cla0p8_env0p2_lab0p1.json,0.1,0.9804372590160464,enhanced,10%
paperA_enhanced_hard_s3_cla0p0_env0p0_lab0p0.json,0.0,1.0,enhanced,0%
paperA_enhanced_hard_s3_cla0p0_env0p0_lab0p05.json,0.05,1.0,enhanced,5%
paperA_enhanced_hard_s3_cla0p0_env0p0_lab0p1.json,0.1,1.0,enhanced,10%
paperA_enhanced_hard_s3_cla0p0_env0p1_lab0p0.json,0.0,1.0,enhanced,0%
paperA_enhanced_hard_s3_cla0p0_env0p1_lab0p05.json,0.05,1.0,enhanced,5%
paperA_enhanced_hard_s3_cla0p0_env0p1_lab0p1.json,0.1,1.0,enhanced,10%
paperA_enhanced_hard_s3_cla0p0_env0p2_lab0p0.json,0.0,1.0,enhanced,0%
paperA_enhanced_hard_s3_cla0p0_env0p2_lab0p05.json,0.05,1.0,enhanced,5%
paperA_enhanced_hard_s3_cla0p0_env0p2_lab0p1.json,0.1,1.0,enhanced,10%
paperA_enhanced_hard_s3_cla0p4_env0p0_lab0p0.json,0.0,0.9259602351730638,enhanced,0%
paperA_enhanced_hard_s3_cla0p4_env0p0_lab0p05.json,0.05,0.924570070184557,enhanced,5%
paperA_enhanced_hard_s3_cla0p4_env0p0_lab0p1.json,0.1,0.927900807706665,enhanced,10%
paperA_enhanced_hard_s3_cla0p4_env0p1_lab0p0.json,0.0,0.9912967417179774,enhanced,0%
paperA_enhanced_hard_s3_cla0p4_env0p1_lab0p05.json,0.05,0.9841027026842503,enhanced,5%
paperA_enhanced_hard_s3_cla0p4_env0p1_lab0p1.json,0.1,0.99452082586171,enhanced,10%
paperA_enhanced_hard_s3_cla0p4_env0p2_lab0p0.json,0.0,0.9923515401627332,enhanced,0%
paperA_enhanced_hard_s3_cla0p4_env0p2_lab0p05.json,0.05,0.9849900637453352,enhanced,5%
paperA_enhanced_hard_s3_cla0p4_env0p2_lab0p1.json,0.1,0.9965052644821919,enhanced,10%
paperA_enhanced_hard_s3_cla0p8_env0p0_lab0p0.json,0.0,0.7165604011483895,enhanced,0%
paperA_enhanced_hard_s3_cla0p8_env0p0_lab0p05.json,0.05,0.7057722373714108,enhanced,5%
paperA_enhanced_hard_s3_cla0p8_env0p0_lab0p1.json,0.1,0.7217542221062457,enhanced,10%
paperA_enhanced_hard_s3_cla0p8_env0p1_lab0p0.json,0.0,0.964617622627715,enhanced,0%
paperA_enhanced_hard_s3_cla0p8_env0p1_lab0p05.json,0.05,0.9467025136441709,enhanced,5%
paperA_enhanced_hard_s3_cla0p8_env0p1_lab0p1.json,0.1,0.9563609545325074,enhanced,10%
paperA_enhanced_hard_s3_cla0p8_env0p2_lab0p0.json,0.0,0.9831080992218557,enhanced,0%
paperA_enhanced_hard_s3_cla0p8_env0p2_lab0p05.json,0.05,0.9793736731972315,enhanced,5%
paperA_enhanced_hard_s3_cla0p8_env0p2_lab0p1.json,0.1,0.9850636493509085,enhanced,10%
paperA_enhanced_hard_s4_cla0p0_env0p0_lab0p0.json,0.0,1.0,enhanced,0%
paperA_enhanced_hard_s4_cla0p0_env0p0_lab0p05.json,0.05,1.0,enhanced,5%
paperA_enhanced_hard_s4_cla0p0_env0p0_lab0p1.json,0.1,1.0,enhanced,10%
paperA_enhanced_hard_s4_cla0p0_env0p1_lab0p0.json,0.0,1.0,enhanced,0%
paperA_enhanced_hard_s4_cla0p0_env0p1_lab0p05.json,0.05,1.0,enhanced,5%
paperA_enhanced_hard_s4_cla0p0_env0p1_lab0p1.json,0.1,1.0,enhanced,10%
paperA_enhanced_hard_s4_cla0p0_env0p2_lab0p0.json,0.0,1.0,enhanced,0%
paperA_enhanced_hard_s4_cla0p0_env0p2_lab0p05.json,0.05,1.0,enhanced,5%
paperA_enhanced_hard_s4_cla0p0_env0p2_lab0p1.json,0.1,1.0,enhanced,10%
paperA_enhanced_hard_s4_cla0p4_env0p0_lab0p0.json,0.0,0.9265444743645638,enhanced,0%
paperA_enhanced_hard_s4_cla0p4_env0p0_lab0p05.json,0.05,0.9314560054446824,enhanced,5%
paperA_enhanced_hard_s4_cla0p4_env0p0_lab0p1.json,0.1,0.931301423274459,enhanced,10%
paperA_enhanced_hard_s4_cla0p4_env0p1_lab0p0.json,0.0,0.988786944365424,enhanced,0%
paperA_enhanced_hard_s4_cla0p4_env0p1_lab0p05.json,0.05,0.9886549709840716,enhanced,5%
paperA_enhanced_hard_s4_cla0p4_env0p1_lab0p1.json,0.1,0.983563191073792,enhanced,10%
paperA_enhanced_hard_s4_cla0p4_env0p2_lab0p0.json,0.0,0.989300997791944,enhanced,0%
paperA_enhanced_hard_s4_cla0p4_env0p2_lab0p05.json,0.05,0.996987117629293,enhanced,5%
paperA_enhanced_hard_s4_cla0p4_env0p2_lab0p1.json,0.1,0.9881001635129587,enhanced,10%
paperA_enhanced_hard_s4_cla0p8_env0p0_lab0p0.json,0.0,0.6849318751241709,enhanced,0%
paperA_enhanced_hard_s4_cla0p8_env0p0_lab0p05.json,0.05,0.7151831384767063,enhanced,5%
paperA_enhanced_hard_s4_cla0p8_env0p0_lab0p1.json,0.1,0.6868048664129718,enhanced,10%
paperA_enhanced_hard_s4_cla0p8_env0p1_lab0p0.json,0.0,0.9639063841630813,enhanced,0%
paperA_enhanced_hard_s4_cla0p8_env0p1_lab0p05.json,0.05,0.9625750069243328,enhanced,5%
paperA_enhanced_hard_s4_cla0p8_env0p1_lab0p1.json,0.1,0.9625625482380205,enhanced,10%
paperA_enhanced_hard_s4_cla0p8_env0p2_lab0p0.json,0.0,0.9855266734262911,enhanced,0%
paperA_enhanced_hard_s4_cla0p8_env0p2_lab0p05.json,0.05,0.9807688431772186,enhanced,5%
paperA_enhanced_hard_s4_cla0p8_env0p2_lab0p1.json,0.1,0.9686309154136632,enhanced,10%
